Title	Description	AcceptiationCriteria	Type	Priority	PlanningPoint
Déconnexion	Après un certain temps si je ne suis plus actif sur le logiciel je serais automatiquement déconnecté.	Peu importe, où je me trouve dans le logiciel et lorsque j’ai terminé mon travail, je peux cliquer sur le lien de déconnexions, qui est accessible dans le haut de la page. Critère : * je suis redirigé au formulaire de connexion.	Fonctionnalité	1	1	
Connexion	Si je rentre un mauvais nom d’utilisateur ou un mauvais mot de passe, le système devrait me refuser l’accès et afficher un message d’erreur en conséquence.Si je rentre 3 fois un mauvais mot de passe, la connexion à mon compte sera bloquée pendant 1 heure.	Je souhaite travailler sur le logiciel de parent espoir. Je dois donc me connecter avec mes identifiants.Critère : Une fois que je suis connecté, je suis redirigé à l’index des clients.	Fonctionnalité	1	3	
Ajouter bénévolat	Le scénario nominal s’exécute, mais lors de l’enregistrement dans la base de données une erreur survient. La navigation est renvoyée à la page de bénévolat et un message d’erreur est afficher. Je peux peut ensuite recommencer l’ajout.	Un fois que je suis sur la section gestion client, je peux choisir un client, puis je peux cliquer sur ajouter un bénévolat. Ce qui m’amène vers un formulaire qui me permet de saisir les champs nécessaires afin d’ajouter un bénévolat. Une fois les données saisies, je peux cliquer sur envoyer et le bénévolat sera ajouter dans la base de données. le formulaire se vide et un message de confirmation qui s’affiche. Je peux remplir le formulaire à nouveau pour ajouter un autre bénévolat.Critère :* Le bénévolat est visible dans la liste des bénévolat.* Affichage du message de confirmation.* le formulaire est vide, prêt pour l’ajout d’un autre bénévolat.	Fonctionnelle	1	3	
Consulter bénévolat	Exception :Le scénario nominal s’exécute, mais lors de l’envoi de requête de consultation une erreur survient. Un message d’erreur est affiché. L’utilisateur peut tenter la consultation à nouveau.	Une fois que je suis dans la section des tâches de bénévolat, je peux cliquer sur un lien de consultation vis-à-vis dans la liste.Alors j’arrive dans une page de consultation ou je peux lire les informations par rapport à cette tâche de bénévolat.Critères :* La page avec tous les détails est affichée.* il y a un lien vers un retour à la liste de présent.	Fonctionnel	2	2	
Lister/Rechercher les tâches de bénévolat de client	Si aucun bénévolat est présent pour ce client, affiche un message comme quoi la liste de bénévolat de ce client est vide ou qu’aucun élément ne correspond à sa recherche.	Une fois que je suis sur la section gestion client, je peux aller dans la sous-section bénévolats. La liste des tâches de bénévolats de ce client me sera alors affichée. Je peux alors ajouter des bénévolats à cette liste, en consulter, en modifier ou les supprimer(admin seulement).Critères : * Les liens d’action fonctionnent.* Si aucun bénévolat n’existe, l’afficher dans un message.* Des tâches de bénévolats doivent être assignées à ce client, pour qu'elle soit listée.	fonctionnalité	1	2	
Modifier un bénévolat	Le scénario nominal s’exécute, mais lors de l’enregistrement dans la base de données une erreur survient. J’ai un message d’erreur qui s’affiche et m’invite à essayer de nouveau. Je peux peu ensuite recommencer la modification.	Une fois que je suis sur la section gestion bénévolat. Si une tâche de bénévolat a déjà été ajoutée, je peux la modifier en cliquant sur un lien vis-à-vis cette tâche dans la liste. Ce qui m’apporte à un formulaire de modification d’une tâche de bénévolatsUne fois les données saisies, je peux cliquer sur envoyé et le bénévolat sera modifié dans la base de données. J’ai un message de confirmation qui s’affiche.Critères : * Je suis retourné à la liste.*  Le message de confirmation apparait.	Fonctionnelle	2	3	
Supprimer bénévolats	Alternatif :Si l’administrateur choisit d’annuler, rien ne se produit.Exception :Le scénario nominal s’exécute, mais lors de l’envoi de requête de suppression une erreur survient. Un message d’erreur est affiché. L’utilisateur peut tenter la suppression à nouveau.	Une fois que je suis dans la section détails du bénévolat, je peux cliquer sur un lien de suppression. Alors un message de confirmation de suppression sera affiché.Je choisit OK, la suppression sera faite dans la BD et sera alors irrévocable. Je suis retourné à la liste et message de confirmation s’affiche. Critères : * On est retourné à la liste.* Un message confirme la suppression.* Le bénévolat en question n’est plus dans la liste.	Fonctionnel	2	2	
Ajouter Atelier	Alternatif :Je suis dans l’interface de gestion des ateliers et je veux ajouter un atelier. Cependant, lorsque je rencontre un champ requis dont je n’ai pas l’information, je peux sortir de l’interface en cliquant sur « retour à la liste » et aucune modification ne sera apportée au système.Exception :Le scénario nominal s’exécute. Une fois les données saisies, je peux cliquer sur « ajouter » et une erreur survient dans la base de données. Les données sont renvoyées au formulaire et je peux lire un message d’erreur pour indiquer que l’enregistrement n’a pas pu s’effectuer.	Une fois que je suis dans la section de gestion de session, je peux en choisir une et lister ses ateliers. J’arrive alors dans une sous-section « atelier » ou je peux en ajouter. Je suis redirigé vers le formulaire, je remplie les champs correctement et j’appuie sur ajouter. Tous les champs se vide et un message de confirmation apparaît.Critères :* Les champs du formulaire se sont vidés.* Un message de confirmation s’affiche.* L’atelier en question est ajouté à la liste de sa session.	Fonctionnalité	1	3	
Consulter atelier	Exception :Le scénario nominal s’exécute, mais lors de l’envoi de requête de consultation une erreur survient. Un message d’erreur est affiché. L’utilisateur peut tenter la consultation à nouveau.	Dans la section des ateliers, je peux choisir un atelier et cliquer sur le lien consulter vis-à-vis. Ce qui m’amène a une page de consultions ou je peux lire les informations de cet atelier.Critères :* Un page avec tous les détails de cet atelier est affiché.* Des liens pour modifier, supprimer (Administrateur seulement) et retour à la liste.	Fonctionnalité	3	2	
Lister/Rechercher atelier	Exception :Le scénario nominal s’exécute, mais lors de l’envoi de requête de consultation une erreur survient. Un message d’erreur est affiché. L’utilisateur peut tenter la consultation à nouveau.	Une fois que je suis sur la section de gestion de session, je peux consulter la liste des ateliers. Dans cette liste, je peux faire le choix de consulter un atelier.Critères :* Une liste avec tous les ateliers apparaît.* Si aucun atelier est présent, un message apparaît pour dire que la liste est vide.	Fonctionnalité	1	2	
Modifier Atelier	Alternatif :Je suis dans l’interface de gestion des ateliers et je veux modifier un atelier. Cependant, lorsque je rencontre un champ requis dont je n’ai pas l’information, je peux sortir de l’interface en cliquant sur « retour à la liste » et aucune modification ne sera apportée au système.Exception :Le scénario nominal s’exécute. Une fois les données saisies, je peux cliquer sur « modifier » et une erreur survient dans la base de données. Les données sont renvoyées au formulaire et je peux lire un message d’erreur pour indiquer que l’enregistrement n’a pas pu s’effectuer.	Une fois que je suis dans la section de gestion de session, je peux en choisir une et lister ses ateliers. J’arrive alors dans une sous-section « atelier » ou je peux cliquer sur modifier et je suis redirigé vers un formulaire avec toutes les données de l’atelier.  D’ici, je peux modifier chacune d’entre elles et je clique sur modifier. Je suis redirigé vers la liste des ateliers et un message de confirmation apparaît.Critères :* Je suis redirigé à la liste des ateliers.* Un message de confirmation est affiché.	Fonctionnalité	2	5	
Supprimer atelier	Alternatif :Je suis dans l’interface de détails d’un ateliers et je veux supprimer un atelier. Cependant, lorsque je clique sur le bouton supprimer, j’hésite. Lorsque le message de suppression s’affiche, je choisis d’annuler et rien ne se produit.Exception :Le scénario nominal s’exécute.  Je peux cliquer sur supprimer, mais une séance existe pour cet atelier. Un message d’erreur m’indique que je ne peux pas supprimer cet atelier, car il contient déjà des séances. Aucun changement ne s’est produit.	Dans la section des ateliers, je peux cliquer sur détails ce qui m’amène vers la page détail. D’ici je peux cliquer sur le lien supprimer. Un message me demande alors si je souhaite vraiment supprimer cet atelier. Si je sélectionne OK et je suis redirigé vers la liste des ateliers et un message de confirmation s’affiche.Critères :* Je suis de retour à la liste.* Un message de confirmation s’affiche	Fonctionnalité	3	5	
Trier Client	Alternatif :Je suis dans l’interface client et je veux trier par nom. Je clique sur nom et je ne trouve pas l’information voulut. Je désir remettre le trie qui m’avait été envoyé par le système alors je dois rafraichir la page.	Quand j’arrive dans l’interface client, une liste de client est affichée. Je veux trier par nom, donc je cliquer sur la colonne nom. Ensuite, je veux trier par « Nom de groupe de soutient » alors je clique sur cette colonne et le trie s’effectue. Critères :* La liste se trie.	Fonctionnalité	3	5	
Supprimer Client	Alternatif :Je suis dans l’interface de gestion des clients et je veux supprimer un client. Je change d’idée et je veux annuler mon action. Je peux annuler la suppression en cliquant sur « annuler » et aucune modification sera apporter au système.Exception :Le scénario nominal s’exécute. Lors de la suppression dans la base de données, une erreur survient. La navigation est renvoyée à la page principale indiquant qu’il y a eu échec de la suppression.	Je suis dans l’interface détails d’un client. Je peux cliquer sur un bouton « supprimer client » qui affiche une demande de confirmation. Je clique sur la confirmation. Un autre avertissement m’indique que le client est lié à d’autre entité et va être supprimer de ceux-ci Ensuite la navigation retour à la page de gestion client avec un message de confirmation qui indique que le client a bien été supprimer. Je peux voir que le client n’est plus dans la liste.Critères :* Je suis redirigé vers la liste des clients.* Un message de confirmation s’afficher.	Fonctionnalité	2	5	
Lister / Rechercher Client	Alternatif :Je suis dans l’interface de gestion de client et il n’y a aucun client dans le système. Un message m’indique qu’il n’y a aucun client à afficher.	Quand j’arrive dans l’interface client, une liste de client est affichée et me permet de rechercher le client que je désir visionner les informations. Les bonnes informations sont affichées.Critères :* La page avec la liste des clients s’affiche.* Les liens d’actions sont présents.	Fonctionnalité	1	3	
Modifier Client	Alternatif :Je suis dans l’interface de gestion des clients et je veux modifier un client. Cependant, une fois le formulaire ouvert, je décide de changer d’idée et de ne pas modifier le client. Je peux sortir de l’interface en cliquant sur « retour à la liste » et aucune modification sera apportée au système.Exception :Le scénario nominal s’exécute. Une fois les données saisies, je peux cliquer sur « modifier » et une erreur survient dans la base de données. Les données sont renvoyées au formulaire et je peux lire un message d’erreur pour indiquer que l’enregistrement n’a pas pu s’effectuer.	Je suis dans l’interface de gestion client. Je peux cliquer sur un bouton « modifier client » qui affiche le formulaire déjà remplis avec les informations actuelles. Une fois les informations modifier, je cliquer sur « modifier ». Ensuite la navigation retour à la page de gestion client avec un message de confirmation qui indique que le client a bien été modifier. Je peux aussi voir le client dans la liste des clients.Critère :* Je suis de retour à la page gestion client* Un message de confirmation s’affiche	Fonctionnalité	2	5	
Consulter Client	Exception :Le scénario nominale s'exécute, mais une erreur avec la base de données m’empêche d’ouvrir la page et un message d’erreur de connexion s’affiche.	Je suis dans l’interface de gestion client. Je peux cliquer sur un bouton « Détail client ».Critère :* La page détail du client est affiché	Fonctionnalité	1	5	
Gérer Suivi	Alternatif :Je suis dans l’interface de gestion des clients et je veux gérer les données suivi un client. Cependant, lorsque je rencontre un champ requis dont je n’ai pas l’information. Je peux sortir de l’interface en cliquant sur « retour à la liste » et aucune modification sera apportée au système.Exception :Le scénario nominal s’exécute. Une fois les données saisies, je peux cliquer sur « ajouter » et une erreur survient dans la base de données. Les données sont renvoyées au formulaire et je peux lire un message d’erreur pour indiquer que l’enregistrement n’a pas pu s’effectuer.	Je suis dans l’interface de gestion client. Je peux cliquer sur le bouton « ajouter client » ou « modifier client » qui affiche le formulaire pour saisir les informations pour ajouter ou modifier un client. Je veux modifier le suivi alors je clique sur la case « modifier » suivi. Le formulaire du suivi est affiché et je peux indiquer les informations nécessaires. Une fois les modifications terminées, je clique sur « ajouter » et les informations sont enregistrées.Critère :* Les données sont correctement ajoutées ou modifier* Un message de confirmation est afficher	Fonctionnalité	1	8	
Ajouter Client	Alternatif :Je suis dans l’interface de gestion des clients et je veux ajouter un client. Cependant, une fois lorsque je rencontre un champ requis dont je n’ai pas l’information. Je peux sortir de l’interface en cliquant sur « retour à la liste » et aucune modification sera apporter au système.Exception :Le scénario nominal s’exécute. Une fois les données saisies, je peux cliquer sur « ajouter » et une erreur survient dans la base de données. Les données sont renvoyées au formulaire et je peux lire un message d’erreur pour indiquer que l’enregistrement n’a pas pu s’effectuer.	Je suis dans l’interface de gestion client. Je peux cliquer sur un bouton « ajouter client » qui affiche le formulaire pour saisir les informations pour ajouter un client. Une fois les champs remplis, je cliquer sur ajouter. Ensuite, un message de confirmation apparaît et le formulaire se vide me permettant d’ajout un autre client.Critère :* Un message de confirmation apparaît* Le formulaire se vide* Le client est visible dans la liste des clients	Fonctionnalité	1	5	
Supprimer document	Le scénario nominal s’exécute, mais lors de la suppression dans la base de données une erreur survient. La navigation est renvoyée à la page des documents et un message d’erreur est affiché indiquant que le document est toujours présent.	Un fois que je suis sur la section gestion client, je peux choisir un client, puis je peux cliquer visionner les documents. Ce qui m’amène vers la liste de document du client et je suis en mesure de pouvoir recherché le document en besoin. Une fois sur le document, je peux supprimer le document.Une fois le document supprimé, je peux cliquer sur confirmer et le document sera supprimer. Ensuite, J’ai un message de confirmation qui s’affiche et je peux continuerCritère :* Le document est supprimé* Un message de confirmation s’affiche * Je suis de retour à la liste	Fonctionnel	3	2	
Rechercher/lister documents	Le scénario nominal s’exécute, mais lors de la recherche dans la base de données une erreur survient et aucun document n’est présent dans l’utilisateur. La navigation est renvoyée à la page des documents et un message d’erreur est afficher indiquant qu’il n’y a aucun document présent. 	Un fois que je suis sur la section gestion client, je peux choisir un client, puis je peux cliquer sur l’interface des documents. Ce qui m’amène vers la liste de documents du client et je suis en mesures de pouvoir recherché le document en besoin.Critère :* L’utilisateur doit être en mesure de télécharger le document recherché* La liste de document est affichée	Fonctionnel	1	3	
Modifier documents	Le scénario nominal s’exécute, mais lors de la recherche dans la base de données une erreur survient et aucun document n’est présent dans le client. La navigation est renvoyée à la page des documents et un message d’erreur est affiché indiquant qu’il n’y a aucun document présent. 	Un fois que je suis sur la section gestion client, je peux choisir un client, puis je peux cliquer visionner les documents. Ce qui m’amène vers la liste de document du client et je suis en mesures de pouvoir recherché le document en besoin et je peux cliquer sur « modifier ». Une fois sur le formulaire du document, je peux changer les champs du document et je peux remplacer le fichier déjà présent.Une fois le document renommé et/ou remplacé, je peux cliquer sur confirmer et le document sera modifié. Ensuite, J’ai un message de confirmation qui s’affiche et je peux continuerCritère : * Les champs d’un document sont changés* Je suis renvoyé vers la liste des documents* Message de confirmation	Fonctionnel	2	2	
Ajouter documents	Le scénario nominal s’exécute, mais lors de l’enregistrement dans la base de données une erreur survient. La navigation est renvoyée à la page des documents et un message d’erreur est afficher. Je peux peut ensuite recommencer l’ajout.	Un fois que je suis sur la section gestion client, je peux choisir un client, puis je peux cliquer sur ajouter un document. Ce qui m’amène vers la liste de document qui me permet d’ajouter un document à ce client à partir de l’explorateur de fichier. Une fois le document sélectionné, je peux cliquer sur envoyer et le document sera ajouter dans la base de données lié au client. Puis, J’ai un message de confirmation qui s’affiche.Critère : * Le document doit être sauvegardé.* L’utilisateur doit pouvoir saisir un fichier dans l’ordinateur et l’ajouter au client* Retour à la liste de document* Message de confirmation	Fonctionnel	1	3	
Consulter les infos d’un document	Le scénario nominal s’exécute, mais lors de la recherche dans la base de données une erreur survient. La navigation est renvoyée à la page des documents et un message d’erreur est afficher. Je peux peut ensuite recommencer.	Un fois que je suis sur la section gestion client, je peux choisir un client, ensuite je sélectionne l’onglet document. Tout cela m’amène vers la liste des documents et puis je peux cliquer sur « consulter » un document. Ce qui m’amène vers une page d’information du document.Une fois le document consulté, je peux cliquer sur « retour » et je suis de retour à la liste.Critère : * La page d’information est affichée	Fonctionnel	1	3	
Rechercher sessions	Le scénario nominal s’exécute, mais lors de la recherche dans la base de données une erreur survient. La navigation est renvoyée à la page des sessions et un message d’erreur est afficher. 	Une fois que je suis sur la section gérer sessions, je peux chercher une session, puis je peux cliquer sur celle recherchée pour voir ce que contient cette session. Ce qui me permet de voir ce qu’il y a durant cette sessionCr Critère :* L’utilisateur doit pouvoir cliquer sur une session pour afficher les informations reliées à celle-ci.* La liste des sessions est affichée à l’écran	Fonctionnelle	2	3	
Ajouter sessions	Exception :Le scénario nominal s’exécute, mais lors de l’enregistrement dans la base de données une erreur survient. La navigation est renvoyée au formulaire des sessions et un message d’erreur est affiché. Alternatif :L’utilisateur peut ensuite recommencer l’ajout. Si une fois sur le formulaire, je veux annuler mon action, alors je clique sur annuler. Je suis redirigé dans le formulaire session du client et aucune session n’a été ajoutée.Alternatif :Si je veux entrer une session déjà existante, car l’année et la saison existe déjà, le système la refuse et m’envoie un message d’erreur.	Je suis sur l’accueil du site et je peux choisir l’onglet session et une fois dans le formulaire session, je peux cliquer sur ajouter. Je peux lui donner une saison et une année. Critères :* Une session est ajoutée* Un message est affiché* Accède directement à l’onglet gérer les ateliers de la session actuelle	Fonctionnelle	2	5	
Modifier sessions	Exception :Le scénario nominal s’exécute, mais lors de l’enregistrement dans la base de données une erreur survient. La navigation est renvoyée au formulaire de session et un message d’erreur est affiché.Exception :L’utilisateur entre les informations d’une session qui existe déjà et clique sur « modifier ». Un message d’erreur s’affiche qui indique que la session existe déjà.Alternatif :Si une fois sur le formulaire modifié, je veux annuler mon action, alors je clique sur annuler. Je suis redirigé dans le formulaire session du client et aucune session n’a été modifiée.	Je suis dans l’interface des sessions. Je clique sur le bouton « modifier » et une fois dans le formulaire. Je peux modifier la saison et l’année. Critère :* Affichage du message* Retour à la liste des sessions	Fonctionnelle	2	5	
Supprimer sessions	Exception :Le scénario nominal s’exécute, mais lors de l’enregistrement dans la base de données une erreur survient. La navigation est renvoyée au formulaire de session du client et un message d’erreur est affiché.Exception :Lors de la suppression de la session, mais que la session est non-vide, car elle possède des ateliers. Un message d’erreur est levé et la suppression ne peut pas avoir lieu.Alternatif :Le scénario nominal s’exécute, une fois sur le formulaire, je veux annuler mon action, alors je clique sur annuler. Je suis redirigé dans le formulaire session et aucune session n’a été supprimée. Je choisis la bonne session et je continue sur le scénario nominal.	Je suis dans l’interface des sessions. Une fois dans le formulaire session, je peux cliquer sur « détails » et puis je peux supprimer la session.Critère :* Message de confirmation* Retour à la liste des sessions	Fonctionnelle	3	5	
Consulter sessions	Exception :Le scénario nominal s’exécute, mais lors de la requête dans la base de données une erreur survient. La navigation est renvoyée au formulaire de session et un message d’erreur est affiché.Alternatif :Le scénario nominal s’exécute. Si une fois sur le formulaire, je veux annuler mon action, alors je clique sur annuler. Je suis redirigé dans le formulaire de la liste des sessions et je peux recommencer le scénario nominal avec la bonne session.	Je suis dans l’interface des sessions. Une fois dans le formulaire session, je peux cliquer sur « consulter » pour une session en particulier. Je peux consulter la session.Critères :* La page détail de la session est affiché	Fonctionnelle	2	5	
Ajouter un participant à une séance	Exception 1:En cliquant sur ajouter de la page d’ajout d’un participant, une erreur de connexion à la base de données survient, alors un message est affiché indiquant qu’une erreur avec la base de données est survenue et je reste sur la page d’ajout d’un participant. 	Un fois que je me rends sur les détails d’une séance, je peux appuyer sur ajouter un participant.  Je suis redirigé vers la page d’ajout d’un participant, de là, je peux choisir un client parmi les clients actifs présent dans la base de données, puis je remplis les champs requis et j’appuie sur ajouter. Un message s’affiche pour confirmer que le participant a été ajouter, je reste sur la page d’ajout d’un participant et tous les champs se sont vidé.  Critères:* Un message de confirmation s’affiche* Tous les champs se sont vidés* Si je retourne à la page de détails de la séance, le nouveau participant est maintenant présent dans la liste des participants	Fonctionnalité	2	3	
Ajouter une séance	Alternatif :Un fois que j’ai parcouru le scénario nominal jusqu’à la section ajouter une séance, je remplis les champs nécessaires mais j’ai mal saisie certaines informations, lorsque j’appuie sur le bouton « envoyer », des messages d’erreurs vis à vis les champs en défaut s’affiche pour m’indiquer les endroits où j’ai fait des erreurs. Je corrige les erreurs et lorsque j’appuie à nouveau sur le bouton envoyer, le message de confirmation s’affiche pour indiquer le succès de l’opération.	Un fois que je me rends sur le détail d’un atelier en particulier, je peux appuyer sur le bouton « ajouter » une séance. Ceci m’amène vers le formulaire de création d’une séance. Je remplis tous les champs nécessaires puis j’appuie sur le bouton envoyer.  Un message s’affiche pour indiquer que tout s’est bien passé et le formulaire se vide.Critères :* Un message de confirmation s’affiche* Le formulaire se vide	Fonctionnalité	1	3	
Supprimer une séance	Exception:Le scénario nominale se déroule jusqu’au message de permission de suppression, j’appuie sur annuler et je reste au détail de cette séance. Rien ne s’est passé..Exception:En cliquant sur le bouton “oui”, une erreur de connexion à la base de donnée survient, alors un message est affiché indiquant qu’une erreur avec la base de donnée est survenue et je reste sur la page des détails de cette séances.. Exception :En cliquant sur le bouton “supprimer”, un message apparaît, indiquant que des participants sont présents dans cette séances et que la suppression est donc impossible.	Un fois que je me rend sur le détail d’une séance, je peux appuyer sur “supprimer”. Alors un message s’affiche me demandant si je veux vraiment supprimer cette séance, je clique sur “oui” alors je suis de retour sur la liste des séances. Critères:* Retour sur la liste des séances* Un message de confirmation est apparu* La séance en question n’est plus présente	Fonctionnalité	3	3	
Modifier une séance	Alternatif :Un fois que j’ai parcouru le scénario nominal jusqu’à la section modifier une séance, je modifie les champs nécessaire mais j’ai mal saisie certaines informations, lorsque j’appuie sur le bouton envoyer, des messages d’erreurs vis à vis les champs en défaut s’affiche pour m’indiquer les endroits ou j’ai fait des erreurs. Je corrige les erreurs et lorsque j’appuie à nouveau sur le bouton envoyer, le scénario nominale se poursuit.	Un fois que je me rend sur le détail d’une séance. Je peux cliquer sur modifier ce qui m'amène vers le formulaire modifier de cette séance où tous les champs de ladite séance sont présents.  De là, je peux changer n’importe quel champs et dès que j’ai terminé, j’appuie sur le bouton envoyer.  Un message s’affiche pour indiquer que tout s’est bien passé et je suis ramené vers la page détail.Critères :* Retour vers la page détail* Message de confirmation.* Les champs sont modifiés avec succès	fonctionnalité	2	3	
Consulter une séance	Exception:En cliquant sur voir les détails de cette séance, une erreur de connexion à la base de donnée survient, alors un message est afficher indiquant qu’une erreur avec la base de donnée est survenue et je reste sur la page des ateliers. Alternatif:Je clique sur voir les détails de cette séance sur la mauvaise séance, je suis dirigé vers la page détails de cette séance, d’ici, j’ai un lien me permettant de retourner à la liste.  Je clique sur ce lien, ce qui me ramène à la liste, et de là je peux cliquer sur le bon détails.  	Un fois que je me rend sur la liste des séances d’un atelier en particulier, je peux appuyer sur “détails” de cette séance.  Une nouvelle page avec tous les détails de la séance apparaît.  Critères:* Une page avec tous les détails de la séance en question apparaît.	Fonctionnalité	3	3	
Rechercher/Lister une séance	Alternatif:Un fois que je me rend sur le détail d’un atelier en particulier, je peux appuyer sur voir toutes les séances appartenant à cette atelier en particulier. Il n’y a aucune séance dans cet atelier, et je suis dirigé vers la page de liste, mais un message indique qu’il n’y a aucune séance dans cet atelier.Exception:En cliquant sur voir toutes les séances appartenant à cette atelier, une erreur de connexion à la base de donnée survient, alors un message est afficher indiquant qu’une erreur avec la base de donnée est survenue et je reste sur la page des ateliers. 	Un fois que je me rend sur le détail d’un atelier en particulier, je peux appuyer sur voir toutes les séances appartenant à cette atelier en particulier.  Une liste contenant toutes les séances s’affiche avec le bouton “Détail” pour chacune de ces séances.Critères:* Une liste apparaît avec toutes les séances.	Fonctionnalité	2	2	
Gérer les présence d’une séance	Alternatif:Je suis sur la page de détail d’une séance, je spécifie les présences de tous les participants, au lieu de cliquer sur enregistrer les modifications, j’appuie sur un autre lien ou le retour, un message s’affiche m’indiquant que des modifications ont eu lieu, mais n’ont pas été sauvegardé et me demande si je veux rester sur la page, j’appuie sur “rester sur la page”.  Maintenant j’appuie sur enregistrer les modifications et le message de confirmation s’affiche.Exception:Je suis sur la page de détail d’une séance, je spécifie les présences de tous les participants, au lieux de cliquer sur enregistrer les modifications, j’appuie sur un autre lien ou le retour, un message s’affiche m’indiquant que des modifications ont eu lieux et me demande si je veux rester sur la page, j’appuie sur non et je suis dirigé vers le lien que j’ai cliqué. Aucune modification n’a été enregistrer.	Un fois que je me rend sur les détails d’une séance, je peux  voir la liste des participants de cette séance.  Dans cette liste, j’ai l’option (bouton radio) de choisir si le participant était présent, absent ou en retard. Dès que j’ai sélectionné les bons boutons, je clique sur “enregistrer” les modifications, un message de confirmation s’affiche. Les présences de tous les participants de cette séance est enregistrer.Critères:* Les bon bouton radio est sélectionné* Un message de confirmation s’affiche	Fonctionnalité	2	3	
Consulter Note	Exception :Le scénario nominale s'exécute, mais une erreur avec la base de données m’empêche d’ouvrir la page et un message d’erreur de connexion s’affiche.	Je suis dans l’interface de gestion des notes. Je peux cliquer sur un bouton « Détail note ».Critère :* La page détail de la note du client est affiché	Fonctionnalité	1	5	
Rechercher notes	Exception :Le scénario nominal s’exécute, mais lors de la recherche de la note dans la base de données une erreur survient. La navigation est renvoyée au formulaire de notes et un message d’erreur est affiché. 	       Un fois que je suis sur la section détail client, je peux cliquer sur voir les notes de ce client. Ce qui m’amène vers la liste des notes du client et je suis en mesures de pouvoir consulter la note en besoin.        Critères :*        La liste des notes affichée	Fonctionnelle	1	3	
Ajouter notes	ExceptionLe scénario nominal s’exécute, mais lors de l’enregistrement dans la base de données une erreur survient. La navigation est renvoyée au formulaire de note et un message d’erreur est affiché. L’utilisateur peut ensuite recommencer l’ajout.	Une fois que je suis sur la section gestion client, je peux choisir un client. Je peux cliquer sur la section notes du client. Ce qui m’amène vers un formulaire qui me permet de saisir les champs nécessaires afin d’ajouter une note au client.Une fois les données saisit, je peux cliquer sur envoyer et la note sera ajoutée dans la base de données. J’ai un message de confirmation qui s’affiche.Critères :* Le formulaire est vide* Message de confirmation	Fonctionnelle	1	3	
Modifier notes	Exception :Le scénario nominal s’exécute, mais lors de l’enregistrement dans la base de données une erreur survient. La navigation est renvoyée au formulaire de note et un message d’erreur est affiché. L’utilisateur peut ensuite recommencer la modification.	Une fois que je suis sur la section note. Je peux cliquer sur “modifier”, ce qui m’amène vers un formulaire qui me permet de saisir les champs nécessaires afin de modifier une note au client. Une fois les données saisit, je peux cliquer sur “envoyer”. J’ai un message de confirmation qui s’affiche et je suis rediriger vers la liste de note.Critère:* Redirection vers les détails de la note* Message de confirmation* Les modifications sont visibles	Fonctionnelle	1	3	
Supprimer notes	Exception :Le scénario nominal s’exécute, mais lors de l’enregistrement dans la base de données une erreur survient. La navigation est renvoyée au formulaire de note et un message d’erreur est affiché. L’utilisateur peut ensuite recommencer la suppression.	Une fois que je suis sur la section note. Je peux cliquer sur “supprimer”. J’ai un message de confirmation qui s’affiche, je clique sur “oui”. Finalement, je suis redirigé vers la liste de note et un message de confirmation apparaît.Critères:* Retour à la liste* Message de confirmation* La note n'apparaît plus	Fonctionnelle	2	2	
Imprimer notes	Exception: Le scénario nominal s’exécute, mais lorsque la boîte de dialogue s’ouvre, je clique sur “annuler” et donc l’impression n’aura pas lieu.	Une fois que je suis sur la détail d’une note. Je peux donc choisir le bouton “imprimer”. Une boîte de dialogue apparaît, me permettant d’imprimer.Critères:* La page est à l’imprimante	Fonctionnelle	3	8	
Rechercher/Lister un objectif	Alternatif:Une fois que je me rend sur le détail d’un client en particulier, je peux appuyer sur visionner tous les objectifs de ce client. Mais le client n’a aucun objectif, alors je suis redirigé vers la page des objectifs mais un message s’affiche indiquant qu’il n’y aucun objectif.	Une fois que je me rend sur le détail d’un client en particulier, je peux appuyer sur visionner tous les objectifs de ce client. Une liste avec tous les objectifs de ce client est affiché. De là j’ai la possibilité d’appuyer sur “détail” chacun de ces objectifs.Critères : * La liste des objectifs est affichée	fonctionnalité	1	2	
Supprimer un objectif	Exception :Un fois que j’ai parcouru le scénario nominal jusqu’à ce qu’un message me demandant si je suis certain de vouloir supprimer cette objectif. Ici j’ai le choix de cliquer sur oui ou non, je clique sur non. Je suis renvoyé à la liste des objectifs et rien ne s’est passé. Je peux voir que l’objectif en question est toujours présent dans la liste des objectifs.	Un fois que je me rend le détail d’un objectif, je clique sur “supprimer” ce qui affiche un message me demandant si je suis certain de vouloir supprimer cette objectif. Ici j’ai le choix de cliquer sur oui ou non, je clique sur oui. Un message de confirmation s’affiche et je peux voir également que l’objectif est disparue de la liste.Critères:* Rediriger vers la liste* Un message apparaît* L’objectif n'apparaît plus	fonctionnalité	2	3	
Modifier un objectif	Alternatif :Un fois que j’ai parcouru le scénario nominal jusqu’à la section modifier un objectif, je saisie les information que je désire modifier mais j’ai mal saisie certaines informations, lorsque j’appuie sur le bouton envoyer, des messages d’erreurs vis à vis les champs en défaut s’affiche pour m’indiquer les endroits ou j’ai fait des erreurs. Je corrige les erreurs et lorsque j’appuie à nouveau sur le bouton envoyer, le message de confirmation s’affiche pour indiquer le succès de l’opération.	Un fois que je me rend sur le détail d’un objectif en particulier. De là, je peux  sélectionner modifier, ce qui m’amène à la section modifier un objectif. De là, je peux voir tous les champs constituant cet objectif. De là, je peux modifier chacun de ces champs et, une fois terminé, je peux cliquer sur envoyer. Un message de confirmation apparaît et je suis de retour au détail de cet objectif.Critères :* Rediriger vers les détails de l'objet* Un message apparaît* Les modifications ont eu lieu	fonctionnalité	2	3	
Consulter un objectif	Exception:En cliquant sur voir les détails de cette objectif, une erreur de connexion à la base de donnée survient, alors un message est afficher indiquant qu’une erreur avec la base de donnée est survenue et je reste sur la page détail du client. Alternatif:Je clique sur voir les détails de cette objectif sur le mauvais objectif, je suis dirigé vers la page détails de cette objectif, d’ici, j’ai un lien me permettant de retourner au détails du client.  Je clique sur ce lien, ce qui me ramène au détails du client, et de là je peux cliquer sur le bon objectif.  	Un fois que je me rend sur la liste des objectifs d’un client. je clique sur  “détail” d’un objectif en particulier. Une nouvelle page avec tous les détails de l’objectif apparaît.  Critères:* Une page avec tous les détails de l’objectif en question apparaît.	Fonctionnalité	3	3	
Ajouter un objectif	Un fois que j’ai parcouru le scénario nominal jusqu’à la section ajouter un objectif, j’ai mal saisie certaines informations, lorsque j’appuie sur le bouton “envoyer”, des messages d’erreurs vis à vis les champs en défaut s’affiche pour m’indiquer les endroits ou j’ai fait des erreurs. Je corrige les erreurs et lorsque j’appuie à nouveau sur le bouton envoyer, le message de confirmation s’affiche pour indiquer le succès de l’opération.	Un fois que je me rend sur la liste d’objectif d’un client. De là, je peux  sélectionner ajouter, ce qui m’amène à la section ajouter un objectif. De là, je peux saisir les champs requis et, une fois terminé, je peux cliquer sur envoyer. Un message de confirmation apparaît.Critères:* Message de confirmation* Le formulaire est vide et prêt pour ajouter un nouveau	fonctionnalité	1	3	
Afficher les options du logiciel	Exception :Le scénario nominal s’exécute, mais lors de la recherche dans la base de données une erreur survient et aucune options ne concorde les critères de recherches. La navigation est renvoyée à la page des options du logiciel et un message d’erreur est afficher.	       Un fois que je suis sur la section gérer les options du logiciel, je peux chercher les options du programme, puis je peux cliquer sur celle recherchée. Ce qui me permet de gérer les options du système.Critères:* Les options du système sont affichés	Fonctionnelle	3	3	
Ajouter un option au logiciel	Exception:Le scénario nominal s’exécute, mais lors de l’enregistrement dans la base de données une erreur survient. La navigation est renvoyée au formulaire gérer options logiciel. L’utilisateur peut ensuite recommencer l’ajout. Exception:Si une fois sur le formulaire ajouter un option, je veux annuler mon action, alors je clique sur annuler. Je suis redirigé dans le formulaire gérer options du logiciel et aucun option n’a été ajoutée.	Je suis dans l’interface option du logiciel et je clique sur la catégorie à ajouter une option. Je clique sur “ajouter” remplis le champs voulu. Ensuite je suis de retour dans la liste d’options du logiciel, un message de confirmation apparaît et je vois la nouvelle option dans la liste d’options.Critères:* Retour à la liste d’option* Message de confirmation* Peut voir la nouvelle option ajoutée	Fonctionnelle	2	5	
Modifier un option au logiciel	Exception:Le scénario nominal s’exécute, mais lors de l’enregistrement dans la base de données une erreur survient. La navigation est renvoyée au formulaire gérer options logiciel. L’utilisateur peut ensuite recommencer la modification. Exception:Si une fois sur le formulaire modifier un option, je veux annuler mon action, alors je clique sur annuler. Je suis redirigé dans le formulaire gérer options du logiciel et aucun option n’a été modifié.	Je suis dans l’interface option du logiciel et je clique sur la catégorie à modifier une option. Je clique sur “modifier” remplis le champs voulu. Ensuite je suis de retour dans la liste d’options du logiciel, un message de confirmation apparaît et je vois la nouvelle option dans la liste d’options.Critères:* Retour à la liste d’option* Message de confirmation* Peut voir l’option modifiée	Fonctionnelle	2	5	
Supprimer un option de logiciel	Exception:[b]Le scénario nominal se déroule jusqu’au message qui demande si je veux réellement supprimer cette option. Je clique sur non. Je reste sur la page de configuration et rien ne s’est passé. Je peux voir que l’option est toujours présente dans la liste déroulante.	Je suis à la page de configuration des options système. D’ici je vois chacune des options du système. Pour chaque option,  je peux en choisir une et cliquer sur supprimer cette options.  Un message s’affiche pour me demander si je veux réellement supprimer cette options. Je clique sur oui. Un message s’affiche pour confirmer que l’options est supprimer.Critères:* Un message de confirmation apparaît* Retour à la liste d’option* L’option n’est plus présente dans la liste déroulante	Fonctionnelle	3	3	
Consulter un option du logiciel	Exception :Le scénario nominal s’exécute, mais lors de la requête dans la base de données une erreur survient. La navigation est renvoyée au formulaire gérer options logiciel. L’utilisateur peut ensuite recommencer la consultation. Exception :Si une fois sur le formulaire gérer options du logiciel, je veux annuler mon action, alors je clique sur annuler. Je suis redirigé dans l'accueil du logiciel.	Je suis dans l’interface option du logiciel et je vois la liste d’options.Critère : * Les options sont visionnés	Fonctionnelle	2	5	
Ajouter Rapport statistique	Exception : Je suis dans l’interface des rapports statistique. Je clique sur le bouton ajouter, mais une fois sur le formulaire, je veux annuler mon action. Alors je clique sur « retour à la liste ». Je reviens la liste des rapports et aucune modification n’a été appliquée.Exception : Le scénario nominal s’exécute. Une fois les données saisies, je peux cliquer sur « ajouter » et une erreur survient dans la base de données. Les données sont renvoyées au formulaire et je peux lire un message d’erreur pour indiquer que l’enregistrement n’a pas pu s’effectuer.	Je veux ajouter un rapport statistique. Je clique sur le lien de la page de rapports statistiques. Ensuite je peux cliquer sur ajouter. Le formulaire pour l’ajout d’un rapport apparaît. Je choisis les options en utilisant le cas d’utilisation choisir les options. Les statistiques sont mis à jour dans la page. Une fois terminé je clique sur « Ajouter ». Je suis redirigée vers la page de gestion des statistiques. Je peux voir un message m’indiquant que la statistique à bien été ajouter. Je peux voir le rapport dans la liste des rapports.* Le rapport est dans la liste des rapports	Fonctionnelle	2	5	
Choisir option statistique	alternatif : Je sélectionne une catégorie, mais lors du traitement dans le serveur, une erreur se produit. La case sélectionner ne se coche pas et je peux la re-sélectionné. Ensuite il n’y a eu aucune erreur et l’information à bien été transmise, alors la case se coche et l’information se mets à jour.#IDTypeConsulter un rapport statistiqueFonctionnellePrioritéEffort estimé2. Besoin2Description des objectifs En tant que* UtilisateurJe veux* Pouvoir consulter un Rapport StatistiqueAfin que* Visualiser les statistiquesRègle métier* Le rapport existe déjà.Critères d’acceptationJe veux consulter un rapport pour voir les statistiques. Je clique sur le lien de la page de rapport statistique. Ensuite je peux cliquer sur le bouton consulter à côté du rapport en question. La page de statistique apparaît et je peux visualiser. Je peux cliquer sur retour à la liste pour retourner à la liste des rapports.Critère :* Les statistiques sont bien affichés* Les boutons de navigations alternatif sont fonctionnelles.Scénario  alternatifAlternatif : Je suis dans l’interface des statistiques. Je clique sur le bouton consulter, mais je me trompe de bouton, je me rends sur la mauvaise statistique. Un bouton retour à la liste me permets de retourner à la liste et de choisir le rapport que je voulais consulter.	Je en train d'ajouter une statistique et je peux choisir les différentes options comme la tranche d’âge, le sexe, le type de famille et etc. Quand je modifie les options, l’affichage se mets à jour selon le critère sélectionner. * L’affichage se mets à jour au fur et à mesure que les case sont cochés ou dé-cochés	Fonctionnelle	2	5	
Exporter un rapport statistique	Alternatif :Dans la boîte de dialogue, je rentre un nom qui existe déjà à l’emplacement ou je veux l’enregistrer, Une boîte de dialogue apparaît me demandant si je veux remplacer l’élément, je clique sur non. Une fois de retour, je change le nom et j’appuie sur enregistrer.  La boîte de dialogue disparaît et je suis de retour à la page du rapport.	Une fois que je  suis sur la page du rapport, j’appuie sur le bouton exporter.  Une boîte de dialogue apparaît me permettant de choisir un emplacement sur mon ordinateur et me demandant de choisir un nom pour le fichier.  Une fois l’emplacement et le nom choisie, j’appuie sur enregistrer. La boîte de dialogue disparaît et je suis de retour à la page du rapport.Critères:* Le fichier existe dans le répertoire ou il à été créé* Le contenu est fichier est valide	Fonctionnalité	3	5	
Imprimer rapport statistique	Exception : Le scénario nominal commence. Après avoir appuyé sur imprimer, je me rends compte qu’aucune imprimante n’est installée sur mon ordinateur, je peux alors choisir l’option annuler qui me retourne à la page précédente.	Dans la section création de rapport, une fois que je suis satisfait du rapport que j’ai devant les yeux, je peux choisir de l’imprimer pour avoir une version papier de celui-ci. J’appuie sur un bouton imprimer et une fenêtre d’impression s’ouvre. Si j’appuie sur OK, l’impression se fait sur mon imprimante par défaut.* La boîte de dialogue de l’imprimante s’ouvre* Le bon document est imprimé	Fonctionnalité	2	5	
Modifier rapport statistique	Alternatif : Je suis dans l’interface des rapports statistique. Je clique sur le bouton modifier, mais une fois sur le formulaire, je veux annuler mon action. Alors je clique sur retour à la liste. Je reviens la liste des groupes et aucune modification n’a été appliquée. je choisis ensuite le bon rapport et continue le scénario nominale.Exception : Le scénario nominal s’exécute. Une fois les données saisies, je peux cliquer sur « modifier » et une erreur survient dans la base de données. Les données sont renvoyées au formulaire et je peux lire un message d’erreur pour indiquer que l’enregistrement n’a pas pu s’effectuer.	Une fois l’action « Rechercher rapport statistique » effectué, je clique sur le bouton modifier et une page avec les options et la visualisation apparaît. Quand je modifie les options j’active le cas d’utilisation « Choisir Option ». Au fur et à mesure que je choisis les options, la visualisons se mets à jour. Une fois terminé, je peux cliquer sur Enregistrer ce qui va enregistrer le rapport dans la base de données et me renvoyé à la page de gestion des rapports. Un message m’indiquant que le rapport à bien été modifié apparaît. je peux aussi modifier les date de début et de fin du rapport.* Les champs de sélection sont correctement modifier* La statistique est visible dans la liste	Fonctionnelle	3	89	
Rechercher rapport statistique	alternatif : Je veux voir les rapports statistique produit, mais quand j’arrive dans la page de gestion, un message m’indiquant qu’il n’y a aucun rapport est afficher car il n’y a aucun rapport d’enregistrer dans le système. 	Je suis dans le programme de GESPER, un bouton « Rapports et Statistiques » me permet d’aller dans la page de gestion des statistiques. Une liste de rapport est affichée et je peux naviguer dans la liste afin de trouver le rapport que je cherche. Une fois le rapport trouver, je peux actionner Modifier, Consulter, Imprimer et Exporter.	Fonctionnelle	2	2	
Supprimer rapport statistique	alternatif : Je suis dans l’interface de gestion des rapports statistiques et je veux supprimer rapport. Je change d’idée et je veux annuler mon action. Je peux annuler la suppression en cliquant sur « annuler » et aucune modification sera apportée au système. je choisi le bon rapport et retour au scénario nominal.exception : Le scénario nominal s’exécute. Lors de la suppression dans la base de données, une erreur survient. La navigation est renvoyée à la page principale indiquant qu’il y a eu échec de la suppression.	je sur la page détail d’une statistique. Je clique sur le bouton supprimer et un message de confirmation apparaît m’indiquant que le rapport va être supprimer. Je cliquer sur confirmer et je suis rediriger vers la liste des rapports. Un message m’indiquant que le rapport à bien été supprimer est affiché.* le message de confirmation est afficher* le rapport est bien supprimer	Fonctionnelle	3	3	
Ajouter Groupe Utilisateur	Exception : Le scénario nominal s’exécute. Une fois les données saisies, je peux cliquer sur « ajouter » et une erreur survient dans la base de données. Les données sont renvoyées au formulaire et je peux lire un message d’erreur pour indiquer que l’enregistrement n’a pas pu s’effectuer.	Je veux ajouter un groupe d'utilisateur au programme. Je clique sur le lien de la page groupe d’utilisateur. Ensuite je peux cliquer sur ajouter. Le formulaire pour l'ajout d`un groupe d’utilisateur apparaît. Je rentre le nom et la description. Je peux aussi ajouter des utilisateurs à l'aide d’un menu de sélection, puis je cliquer sur ajouter. Je peux aussi spécifier les droits à l`aide d`une liste de case. Une fois terminé, je peux cliquer sur ajouter. La page de la liste des groupes apparaît avec un message indiquant que le groupe a bien été ajouté.* Le groupe est visible dans la liste des groupes* Le formulaire et les validations sont fonctionnel	Fonctionnelle	2	5	
Consulter Groupe Utilisateur	alternatif : Je suis dans l’interface des groupes d’utilisateur. Je clique sur le bouton consulter, mais je me trompe de groupe. Un bouton retour à la liste me permets de retourner à la liste et de choisir le groupe de soutien que je voulais consulter.	Je veux consulter un groupe d’utilisateur. Je vais dans la page des groupes d’utilisateur, une fois le groupe trouvé, je clique sur « consulter » ce qui me montre le nom, la description, les droits accorder à ce groupe ainsi que la liste des utilisateurs dans ce groupe. Critère d’acceptation* Les bonnes informations sont affichées* Un bouton me permettant de retourner à la liste est présent* Un bouton me permettant de modifier le groupe est présent* Un bouton me permettant de supprimer le groupe est présent	Fonctionnelle	2	3	
Modifier Groupe Utilisateur	alternatif : Je suis dans l’interface des groupes d’utilisateur. Je clique sur le bouton modifier, mais une fois sur le formulaire, je veux annuler mon action. Alors je clique sur retour à la liste. Je reviens la liste des groupes et aucune modification n’a été appliquée. je reprend le scénario nominal, mais cette fois-ci pour un groupe que je désire réellement modifier.exception : Le scénario nominal s’exécute. Une fois les données saisies, je peux cliquer sur « modifier » et une erreur survient dans la base de données. Les données sont renvoyées au formulaire et je peux lire un message d’erreur pour indiquer que l’enregistrement n’a pas pu s’effectuer.	Je veux modifier un groupe d’utilisateur. Je clique sur le lien de la page groupe d’utilisateur. Ensuite je peux cliquer sur le bouton modifier à côté du groupe en question. Le formulaire pour la modification du groupe d’utilisateur apparaît. Je modifie l’information désirée, puis je cliquer sur “ modifier”. La page de la liste des groupes d’utilisateur apparaît avec un message indiquant que le groupe a bien été modifié.Critère d’acceptation* Les validations sur les champs sont effectuées et adéquatement* Un message de confirmation est envoyé lors d’une modification* Après une modification on retourne a la page “Lister les groupe d’utilisateur”	Fonctionnelle	2	5	
Rechercher/Lister Groupe Utilisateur	Je suis dans l’interface de recherche des groupes d’utilisateurs. Il n’y a aucun groupe à afficher, alors un message indique qu’il n’y a aucun groupe à afficher (au lieu d’avoir un tableau vide).	Je veux rechercher un groupe d’utilisateur. Je clique sur le lien de la page groupe de soutien. Une liste de groupe apparaît avec des liens pour effectuer les actions possibles sur ce groupe.Critère d’acceptation* Les groupes sont affichées* Les liens vers les actions sont fonctionnelles	Fonctionnelle	2	5	
Supprimer Groupe Utilisateur	Alternatif :Je suis dans l’interface de gestion des groupes d’utilisateur et je veux supprimer un groupe d’utilisateur. Une fois le message de confirmation apparut, je réalise que je ne suis pas dans le bon groupe. Je peux cliquer sur « annuler » ce qui me renvoi à la liste et aucune suppression n’a eu lieu. Je peux ensuite choisir le bon groupe et exécuter le scénario nominal.Exception :Le scénario nominal s’exécute. Lors de la suppression dans la base de données, une erreur survient. La navigation est renvoyée à la page principale indiquant qu’il y a eu échec de la suppression.	Je veux supprimer un groupe d’utilisateur. Je vais dans l’interface de gestion des groupes d’utilisateur. Je trouve le groupe désirer. Puis je clique sur le bouton détail du groupe. La page de détail apparaît me montrant les informations du groupe et les utilisateurs qui en font partie. Je clique sur supprimer et un message d’avertissement m’indique que tous les utilisateurs seront supprimés de ce groupe et perdront les droits associer à ce groupe. Je peux cliquer sur confirmer ce qui entraîne la suppression du groupe. Je suis redirigée vers la page de la liste des groupes d’utilisateurs. Un message de confirmation m’indique que le groupe a bien été supprimé et le groupe n’est plus présent dans la liste. Critère d’acceptation* Un message de confirmations demande de confirmer* Le groupe est supprimer correctement* Un message indiquant que le groupe à bien été supprimer	Fonctionnelle	3	3	
Consulter Groupe Soutient	Alternatif Je suis dans l’interface des groupes de soutien. Je clique sur le bouton consulter, mais je me trompe de groupe. Je peux cliquer sur retour à la liste pour aller ensuite dans les détail du bon groupe.	Je suis dans la page de gestion des groupes de soutien. Une fois que j’ai trouver le groupe de soutien qui m'intéresse, je clique sur le bouton détail situé à côté du groupe. La page de consultation apparaît et je peux voir le titre, la description et la liste des clients appartenant à ce groupe.* Un message de confirmation apparaît* Le groupe est présent dans la liste* On peut actionner les action modifier, supprimer et retour à la liste	Fonctionnelle	2	3	
Ajouter Groupe Soutient	Je suis dans l’interface des groupes de soutien. Je clique sur le bouton ajouter, mais une fois sur le formulaire, je veux annuler mon action. Alors je clique sur « retour à la liste ». Je reviens la liste des groupes et aucune modification n’a été apporté.Le scénario nominal s’exécute. Une fois les données saisies, je peux cliquer sur « ajouter » et une erreur survient dans la base de données. Les données sont renvoyées au formulaire et je peux lire un message d’erreur pour indiquer que l’enregistrement n’a pas pu s’effectuer.	Je veux ajouter un groupe de soutien au programme. Je clique sur le lien de la page groupe de soutien. Ensuite je peux cliquer sur ajouter. Le formulaire pour l’ajout d`un groupe de soutien apparaît. Je rentre le nom et la description puis je cliquer sur ajouter. La navigation est renvoyée à la page de la liste des groupes de soutien message indiquant que le groupe a bien été ajouté.* Un message de confirmation apparaît* Le groupe est présent dans la liste	Fonctionnelle	2	3	
Modifier groupe de soutien	Alternatif :Je suis dans l’interface des groupes de soutien. Je clique sur le bouton modifier, mais une fois sur le formulaire, je veux annuler mon action. Alors je clique sur retour à la liste. Je reviens la liste des groupes et aucune modification n’a été appliquée.Exception :Le scénario nominal s’exécute. Une fois les données saisies, je peux cliquer sur « modifier » et une erreur survient dans la base de données. Les données sont renvoyées au formulaire et je peux lire un message d’erreur pour indiquer que l’enregistrement n’a pas pu s’effectuer.	Je veux modifier un groupe de soutien. Je clique sur le lien de la page groupe de soutien. Ensuite je peux cliquer sur le bouton modifier à côté du groupe en question. Le formulaire pour la modification du groupe de soutien apparaît. Je modifie l'information désirée puis je cliquer sur modifier. La page de la liste des groupes apparaît avec un message indiquant que le groupe a bien été modifié.* Le groupe est correctement modifier* Un message de confirmation apparaît 	Fonctionnelle	2	3	
Rechercher\Lister Groupe de soutien	Je suis dans l’interface de gestion des groupes de soutien et il n’y a aucun groupe de soutien dans le système. Un message m’indique qu’il n’y a aucun groupe à afficher.	Je veux trouver un groupe de soutien dans le but de visionner les informations. Je clique sur l'onglet groupe de soutien et une liste me montrant tous les groupes de soutiens s'affiche. Cela me permet de trouver le groupe de soutien.	Fonctionnelle	2	2	
Supprimer groupe de soutien	Alternatif :Je suis dans l’interface de détail d’un soutien et je veux supprimer un groupes de soutien. Je clique sur le bouton supprimer et lorsque le message de confirmation apparaît, je change d’idée et je veux annuler mon action. Je peux annuler la suppression en cliquant sur « annuler » et aucune modification sera apportée au système. Ensuite j'exécute le scénario nominale pour l’entité que je veux supprimer.Exception :Le scénario nominal s’exécute. Lors de la suppression dans la base de données, une erreur survient. La navigation est renvoyée à l’index des groupes de soutien indiquant qu’il y a eu échec de la suppression.	Je vais dans la page de gestion des groupes de soutiens, je clique sur le bouton détail. Je clique ensuite sur le bouton supprimer. Une demande de confirmation apparaît et je peux confirmer que je veux bien supprimer ce groupe. Une fois le groupe supprimer, la navigation est renvoyée à la page de gestion des groupes de soutien et un message de confirmation est indiqué dans la page.* Le groupe de soutien n'existe plus dans la base de données* Le groupe de soutien n’est plus présent dans la liste* Un message de confirmation est afficher* La navigation est renvoyée à la page de gestion des groupes de soutien	Fonctionnelle	3	3	
Trier Groupe Soutien	Je suis dans l’interface groupe et je veux trier par nom. Je clique sur nom et je ne trouve pas l’information voulue. Je désir avoir le trie qui m’avait été envoyé par le système alors je dois rafraichir la page.	Quand j’arrive dans l’interface groupe soutien, une liste des groupes de soutien est affichée. Je veux trier par nom, donc je cliquer sur la colonne nom. Ensuite, je veux trier par description alors je clique sur cette colonne et le trie s’effectue. * On peut trier en ordre croissant et décroissant	Fonctionnalité	3	5	
Ajouter utilisateur	exception : Le scénario nominal s’exécute, mais lors de l’ajout dans la base de données une erreur survient, car les champs à remplir ne comportaient pas les bons éléments. La navigation est renvoyée à la page de gestion des utilisateurs et un message d’erreur est afficher indiquant que l’action n’a pas pu être compléter	Un fois que je suis sur la section gérer les utilisateurs, je peux cliquer sur ajouter un nouvel utilisateur. Ce qui m’amène vers un formulaire que je peux remplir les informations relatives à la création de compte.Une fois l’utilisateur ajouté, je peux cliquer sur confirmer et après vérifications, l’utilisateur fera partie de la base de données. Ensuite, J’ai un message de confirmation qui s’affiche et je peux continuer.* L'utilisateur existe dans la BD* L’utilisateur peut se connecter * un message de confirmation s’affiche	Fonctionnel	2	5	
Consulter Utilisateur	Le scénario nominal s’exécute, mais lors de la confirmation dans la base de données une erreur survient, car les champs à remplir ne comportaient pas les bons éléments. La navigation est renvoyée à la page de gestion des utilisateurs et un message d’erreur est afficher indiquant que l’action n’a pas pu être compléter.	Un fois que je suis sur la section gérer les utilisateurs, je peux cliquer sur modifier utilisateur. Ce qui m’amène vers un formulaire où je peux modifier les informations relatives au compte de même que de lancer le cas d’utilisation spécifier droits.Une fois l’utilisateur modifié, je peux cliquer sur confirmer et après vérifications, l’utilisateur sera à jour dans la base de données. Ensuite, J’ai un message de confirmation qui s’affiche et je peux continuer.* L’utilisateur peut se connecter et accéder aux endroits restreint par les nouveaux droits d’accès	Fonctionnel	2	2	
Rechercher utilisateur	Exception :Le scénario nominal s’exécute, mais lors de l’ajout dans la base de données une erreur survient, car les champs de recherche ne concordent avec aucun élément. La navigation est renvoyée à la page de gestion des utilisateurs et un message d’erreur est afficher indiquant que l’action n’a pas pu être compléter.	Un fois que je suis sur la section gérer les utilisateurs, je peux cliquer sur rechercher un utilisateur.Je peux rechercher, les utilisateurs apparaîtront et il sera possible de les sélectionner et de voir leurs informationsCritères:* La liste est affichée	Fonctionnel	1	3	
Spécifier droit d’accès	Exception:Le scénario nominal s’exécute, mais lorsque le moment d’ajouter ou de modifier dans la base de données et qu’une erreur survient. La navigation est renvoyée à la page de gestion des utilisateurs et un message d’erreur est afficher indiquant que les droits n’ont pas pu être appliqués.	Un fois que je suis sur la section “détail” d’un utilisateur, je dois cliquer sur spécifier les droits d’utilisateur. Une section s’ouvrira et je serai en mesure de spécifier les droits.Une fois les droits spécifiés, je peux cliquer sur confirmer et après vérifications, l’utilisateur aura des droits spécifiés lorsque l’ajout ou la modification aura été effectué. Comme dans les autres cas, je reçois un message de confirmation qui s’affiche après l’ajout ou la modification et je peux continuer.Critères:* Retour au détail du client* Message de confirmation	Fonctionnel	2	5	
Supprimer utilisateur	Exception :Le scénario nominal s’exécute, mais lors de la suppression dans la base de données une erreur survient avec la base de données. La navigation est renvoyée à la page de gestion des utilisateurs et un message d’erreur est afficher indiquant que l’action n’a pas pu être compléter.[a]debut sam Ajouter session[b]fin sam supprimer une option de logicel	Un fois que je suis sur la section détail d’un  utilisateur, je peux cliquer sur supprimer un utilisateur.Une fois l’utilisateur supprimer, je peux cliquer sur confirmer et après vérifications, l’utilisateur ne fera plus partie de la base de données. Ensuite, J’ai un message de confirmation qui s’affiche et je peux continuer.Critère :* Retour à la liste des utilisateurs* Message de confirmation* L’utilisateur n’est plus dans la liste	Fonctionnel	2	5	
